-- テーマカラー
INSERT INTO
    theme_color(theme_color_code)
VALUES
    ('#76d5ff'),
    ('#607d8b'),
    ('#212121'),
    ('#43a047'),
    ('#00acc1'),
    ('#e53935'),
    ('#8e24aa');

INSERT INTO
    theme_color(theme_color_gradient_code)
VALUES
    ('#355C7D, #C06C84'),
    ('#11998e, #38ef7d'),
    ('#108dc7, #ef8e38'),
    ('#FC5C7D, #6A82FB'),
    ('#74ebd5, #ACB6E5'),
    ('#36D1DC, #5B86E5'),
    ('#D9AFD9, #97D9E1');

-- ユーザー
INSERT INTO
    user(user_id, email, PASSWORD)
VALUES
    (
        '4f4da417-7693-4fa1-b153-a3511ed1a57a',
        'MasterUser',
        'password'
    ),
    (
        'a77a6e94-6aa2-47ea-87dd-129f580fb669',
        'sample@sample.com',
        'password'
    );

-- カテゴリ
INSERT INTO
    category(category_id, category_name)
VALUES
    (1, '食費'),
    (2, '外食'),
    (3, 'コンビニ'),
    (4, '日用品'),
    (5, 'ショッピング'),
    (6, 'ファッション'),
    (7, 'WEBサービス'),
    (8, 'エンタメ'),
    (9, '趣味'),
    (10, '旅行・レジャー'),
    (11, '交際費'),
    (12, 'ギフト'),
    (13, '交通費'),
    (14, '美容・コスメ'),
    (15, '医療・健康'),
    (16, '車'),
    (17, '教育'),
    (18, '子供'),
    (19, '手数料'),
    (20, '水道光熱費'),
    (21, '通信費'),
    (22, '住宅'),
    (23, '税金'),
    (24, '保険'),
    (25, '返済'),
    (26, 'ビジネス'),
    (27, '給与'),
    (28, 'その他収入');

-- サブカテゴリ
INSERT INTO
    sub_category(user_no, category_id, sub_category_name)
VALUES
    (1, 1, 'なし'),
    (1, 2, 'なし'),
    (1, 2, '外食'),
    (1, 2, 'カフェ'),
    (1, 2, 'お昼'),
    (1, 2, 'レストラン'),
    (1, 3, 'なし'),
    (1, 4, 'なし'),
    (1, 5, 'なし'),
    (1, 5, 'ショッピング'),
    (1, 5, 'スポーツ用品'),
    (1, 5, 'ペット'),
    (1, 5, '電化製品'),
    (1, 6, 'なし'),
    (1, 7, 'なし'),
    (1, 8, 'なし'),
    (1, 8, 'エンタメ'),
    (1, 8, '本・雑誌'),
    (1, 8, 'ゲーム'),
    (1, 8, '音楽'),
    (1, 8, '映画'),
    (1, 8, 'テレビ'),
    (1, 9, 'なし'),
    (1, 10, 'なし'),
    (1, 10, '旅行・レジャー'),
    (1, 10, '博物館・劇場'),
    (1, 10, '遊園地'),
    (1, 10, 'ホテル'),
    (1, 10, '温泉'),
    (1, 11, 'なし'),
    (1, 12, 'なし'),
    (1, 13, 'なし'),
    (1, 13, '交際費'),
    (1, 13, 'ゲームセンター'),
    (1, 13, 'カラオケ'),
    (1, 13, '居酒屋・バー'),
    (1, 14, 'なし'),
    (1, 14, '美容・コスメ'),
    (1, 14, '美容'),
    (1, 14, 'コスメ'),
    (1, 15, 'なし'),
    (1, 15, '医療・健康'),
    (1, 15, '眼科'),
    (1, 15, '薬'),
    (1, 15, '病院'),
    (1, 15, 'ジム・フィットネス'),
    (1, 16, 'なし'),
    (1, 16, '車'),
    (1, 16, 'ガソリン'),
    (1, 16, '駐車場'),
    (1, 16, '自動車保険'),
    (1, 16, '有料道路'),
    (1, 16, '自動車税'),
    (1, 16, '維持費'),
    (1, 17, 'なし'),
    (1, 17, '教育'),
    (1, 17, '学費'),
    (1, 17, '学生ローン返済'),
    (1, 17, '教科書等'),
    (1, 18, 'なし'),
    (1, 18, '子供'),
    (1, 18, '小児科'),
    (1, 18, '保育園'),
    (1, 19, 'なし'),
    (1, 19, '手数料'),
    (1, 19, '利息'),
    (1, 19, '振込手数料'),
    (1, 19, '銀行手数料'),
    (1, 19, 'ATM手数料'),
    (1, 20, 'なし'),
    (1, 20, '水道光熱費'),
    (1, 20, '電気'),
    (1, 20, '水道'),
    (1, 20, 'ガス'),
    (1, 21, 'なし'),
    (1, 21, '通信費'),
    (1, 21, '携帯電話'),
    (1, 21, '固定電話'),
    (1, 21, 'インターネット'),
    (1, 22, 'なし'),
    (1, 22, '住宅'),
    (1, 22, '家賃'),
    (1, 22, '住宅設備'),
    (1, 22, '保険'),
    (1, 23, 'なし'),
    (1, 23, '税金'),
    (1, 23, '住民税'),
    (1, 24, 'なし'),
    (1, 24, '保険'),
    (1, 24, 'その他の保険'),
    (1, 24, '生命保険'),
    (1, 25, 'なし'),
    (1, 25, 'カード引落し'),
    (1, 25, '返済'),
    (1, 26, 'なし'),
    (1, 26, 'ビジネス'),
    (1, 26, 'オフィス用品'),
    (1, 26, '法務会計'),
    (1, 26, '送料'),
    (1, 26, 'オフィス設備'),
    (1, 26, '印刷'),
    (1, 27, 'なし'),
    (1, 27, 'ボーナス'),
    (1, 28, 'なし'),
    (1, 28, '家賃所得'),
    (1, 28, '利子所得'),
    (1, 28, 'お小遣い');

INSERT INTO
    sub_category(user_no, category_id, sub_category_name)
VALUES
    (2, 2, 'ラーメン巡り'),
    (2, 2, '寿司巡り'),
    (2, 2, 'カフェ巡り'),
    (2, 7, 'Amazon Prime'),
    (2, 7, 'Youtube Premium'),
    (2, 9, '自転車用品'),
    (2, 22, 'DIY');

-- 非表示サブカテゴリ
INSERT INTO
    hidden_sub_category(user_no, sub_category_id)
VALUES
    (2, 102),
    (2, 103),
    (2, 4);

-- 取引
INSERT INTO
    transaction(
        user_no,
        transaction_name,
        transaction_amount,
        transaction_date,
        category_id,
        sub_category_id,
        fixed_flg
    )
VALUES
    (2, 'サーキュレーター', -646, '2022-06-30', 5, 13, false),
    (2, 'AppleOne', -130, '2022-06-30', 7, 15, TRUE),
    (2, '水道代', -1927, '2022-06-28', 20, 73, TRUE),
    (2, 'カーシェア', -9900, '2022-06-27', 10, 24, false),
    (2, 'NIKEウェア', -1570, '2022-06-27', 5, 11, false),
    (2, '家賃', -78000, '2022-06-27', 22, 82, TRUE),
    (2, '奨学金', -14222, '2022-06-27', 25, 94, TRUE),
    (2, 'スーパーアルプス', -1999, '2022-06-17', 1, 1, TRUE),
    (2, 'サプリメント', -544, '2022-06-24', 5, 9, false),
    (2, 'Youtube', -1180, '2022-06-24', 7, 15, TRUE),
    (2, '給与', 185305, '2022-06-25', 27, 102, TRUE),
    (2, '配当', 305, '2022-06-25', 28, 106, false),
    (2, 'タバコ', -550, '2022-06-23', 3, 7, false),
    (2, 'スーパーアルプス', -431, '2022-06-23', 1, 1, TRUE),
    (2, 'ヘアカット', -3300, '2022-06-22', 14, 37, false),
    (2, 'Webを支える技術', -2827, '2022-06-21', 5, 9, false),
    (2, 'スーパーアルプス', -3182, '2022-06-21', 1, 1, TRUE),
    (2, 'アイスノン', -625, '2022-06-20', 5, 9, false),
    (2, 'ヨーグリーナ', -117, '2022-06-19', 3, 7, false),
    (2, '死刑にいたる病', -1000, '2022-06-19', 8, 21, false),
    (2, 'スーパーアルプス', -1561, '2022-06-18', 1, 1, TRUE),
    (2, '100均', -330, '2022-06-18', 5, 9, false),
    (2, 'スーパーアルプス', -1705, '2022-06-17', 1, 1, TRUE),
    (2, 'ガス代', -4376, '2022-06-15', 20, 74, TRUE),
    (2, 'ウェルシア', -600, '2022-06-14', 5, 9, false),
    (2, 'タバコ', -600, '2022-06-14', 3, 7, false),
    (2, '電気代', -3225, '2022-06-13', 20, 72, TRUE),
    (2, '電話料金', -1781, '2022-06-13', 21, 77, TRUE),
    (2, 'スーパーアルプス', -2757, '2022-06-12', 1, 1, TRUE),
    (2, 'はなまるうどん', -610, '2022-06-11', 2, 5, false),
    (2, '台湾まぜそば', -850, '2022-06-11', 2, 2, false),
    (2, 'DisneyPlys', -990, '2022-06-08', 7, 15, TRUE),
    (2, 'ふるさと納税', -10000, '2022-06-05', 5, 9, false),
    (2, 'タバコ', -540, '2022-06-04', 3, 7, false),
    (2, 'スーパーアルプス', -4153, '2022-06-04', 1, 1, TRUE),
    (2, '洗車グッズ', -1900, '2022-06-03', 5, 11, false),
    (2, 'ほうじ茶ラテ', -160, '2022-06-03', 3, 7, false),
    (2, 'ふるさと納税', -5000, '2022-06-02', 5, 9, false),
    (2, '洗車スポンジ', -190, '2022-06-02', 5, 11, false),
    (2, '牛乳', -192, '2022-06-02', 1, 1, false),
    (2, 'きさらぎ駅', -1000, '2022-06-02', 8, 21, false),
    (2, 'ケーブルトレー', -1580, '2022-06-01', 5, 11, false),
    (2, 'ワイプオール', -1330, '2022-06-01', 5, 11, false),
    (2, 'サーキュレーター', -646, '2022-05-30', 5, 13, false),
    (2, 'AppleOne', -130, '2022-05-30', 7, 15, TRUE),
    (2, '水道代', -1927, '2022-05-28', 20, 73, TRUE),
    (2, 'カーシェア', -9900, '2022-05-27', 10, 24, false),
    (2, 'NIKEウェア', -1570, '2022-05-27', 5, 11, false),
    (2, '家賃', -78000, '2022-05-27', 22, 82, TRUE),
    (2, '奨学金', -14222, '2022-05-27', 25, 94, TRUE),
    (2, 'スーパーアルプス', -1999, '2022-05-17', 1, 1, TRUE),
    (2, 'サプリメント', -544, '2022-05-24', 5, 9, false),
    (2, 'Youtube', -1180, '2022-05-24', 7, 15, TRUE),
    (2, '給与', 185305, '2022-05-25', 27, 102, TRUE),
    (2, '配当', 305, '2022-05-25', 28, 106, false),
    (2, 'タバコ', -550, '2022-05-23', 3, 7, false),
    (2, 'スーパーアルプス', -431, '2022-05-23', 1, 1, TRUE),
    (2, 'ヘアカット', -3300, '2022-05-22', 14, 37, false),
    (2, 'Webを支える技術', -2827, '2022-05-21', 5, 9, false),
    (2, 'スーパーアルプス', -3182, '2022-05-21', 1, 1, TRUE),
    (2, 'アイスノン', -625, '2022-05-20', 5, 9, false),
    (2, 'ヨーグリーナ', -117, '2022-05-19', 3, 7, false),
    (2, '死刑にいたる病', -1000, '2022-05-19', 8, 21, false),
    (2, 'スーパーアルプス', -1561, '2022-05-18', 1, 1, TRUE),
    (2, '100均', -330, '2022-05-18', 5, 9, false),
    (2, 'スーパーアルプス', -1705, '2022-05-17', 1, 1, TRUE),
    (2, 'ガス代', -4376, '2022-05-15', 20, 74, TRUE),
    (2, 'ウェルシア', -600, '2022-05-14', 5, 9, false),
    (2, 'タバコ', -600, '2022-05-14', 3, 7, false),
    (2, '電気代', -3225, '2022-05-13', 20, 72, TRUE),
    (2, '電話料金', -1781, '2022-05-13', 21, 77, TRUE),
    (2, 'スーパーアルプス', -2757, '2022-05-12', 1, 1, TRUE),
    (2, 'はなまるうどん', -610, '2022-05-11', 2, 5, false),
    (2, '台湾まぜそば', -850, '2022-05-11', 2, 2, false),
    (2, 'DisneyPlys', -990, '2022-05-08', 7, 15, TRUE),
    (2, 'ふるさと納税', -10000, '2022-05-05', 5, 9, false),
    (2, 'タバコ', -540, '2022-05-04', 3, 7, false),
    (2, 'スーパーアルプス', -4153, '2022-05-04', 1, 1, TRUE),
    (2, '洗車グッズ', -1900, '2022-05-03', 5, 11, false),
    (2, 'ほうじ茶ラテ', -160, '2022-05-03', 3, 7, false),
    (2, 'ふるさと納税', -5000, '2022-05-02', 5, 9, false),
    (2, '洗車スポンジ', -190, '2022-05-02', 5, 11, false),
    (2, '牛乳', -192, '2022-05-02', 1, 1, false),
    (2, 'きさらぎ駅', -1000, '2022-05-02', 8, 21, false),
    (2, 'ケーブルトレー', -1580, '2022-05-01', 5, 11, false),
    (2, 'ワイプオール', -1330, '2022-05-01', 5, 11, false),
    (2, 'サーキュレーター', -646, '2022-04-30', 5, 13, false),
    (2, 'AppleOne', -130, '2022-04-30', 7, 15, TRUE),
    (2, '水道代', -1927, '2022-04-28', 20, 73, TRUE),
    (2, 'カーシェア', -9900, '2022-04-27', 10, 24, false),
    (2, 'NIKEウェア', -1570, '2022-04-27', 5, 11, false),
    (2, '家賃', -78000, '2022-04-27', 22, 82, TRUE),
    (2, '奨学金', -14222, '2022-04-27', 25, 94, TRUE),
    (2, 'スーパーアルプス', -1999, '2022-04-17', 1, 1, TRUE),
    (2, 'サプリメント', -544, '2022-04-24', 5, 9, false),
    (2, 'Youtube', -1180, '2022-04-24', 7, 15, TRUE),
    (2, '給与', 185305, '2022-04-25', 27, 102, TRUE),
    (2, '配当', 305, '2022-04-25', 28, 106, false),
    (2, 'タバコ', -550, '2022-04-23', 3, 7, false),
    (2, 'スーパーアルプス', -431, '2022-04-23', 1, 1, TRUE),
    (2, 'ヘアカット', -3300, '2022-04-22', 14, 37, false),
    (2, 'Webを支える技術', -2827, '2022-04-21', 5, 9, false),
    (2, 'スーパーアルプス', -3182, '2022-04-21', 1, 1, TRUE),
    (2, 'アイスノン', -625, '2022-04-20', 5, 9, false),
    (2, 'ヨーグリーナ', -117, '2022-04-19', 3, 7, false),
    (2, '死刑にいたる病', -1000, '2022-04-19', 8, 21, false),
    (2, 'スーパーアルプス', -1561, '2022-04-18', 1, 1, TRUE),
    (2, '100均', -330, '2022-04-18', 5, 9, false),
    (2, 'スーパーアルプス', -1705, '2022-04-17', 1, 1, TRUE),
    (2, 'ガス代', -4376, '2022-04-15', 20, 74, TRUE),
    (2, 'ウェルシア', -600, '2022-04-14', 5, 9, false),
    (2, 'タバコ', -600, '2022-04-14', 3, 7, false),
    (2, '電気代', -3225, '2022-04-13', 20, 72, TRUE),
    (2, '電話料金', -1781, '2022-04-13', 21, 77, TRUE),
    (2, 'スーパーアルプス', -2757, '2022-04-12', 1, 1, TRUE),
    (2, 'はなまるうどん', -610, '2022-04-11', 2, 5, false),
    (2, '台湾まぜそば', -850, '2022-04-11', 2, 2, false),
    (2, 'DisneyPlys', -990, '2022-04-08', 7, 15, TRUE),
    (2, 'ふるさと納税', -10000, '2022-04-05', 5, 9, false),
    (2, 'タバコ', -540, '2022-04-04', 3, 7, false),
    (2, 'スーパーアルプス', -4153, '2022-04-04', 1, 1, TRUE),
    (2, '洗車グッズ', -1900, '2022-04-03', 5, 11, false),
    (2, 'ほうじ茶ラテ', -160, '2022-04-03', 3, 7, false),
    (2, 'ふるさと納税', -5000, '2022-04-02', 5, 9, false),
    (2, '洗車スポンジ', -190, '2022-04-02', 5, 11, false),
    (2, '牛乳', -192, '2022-04-02', 1, 1, false),
    (2, 'きさらぎ駅', -1000, '2022-04-02', 8, 21, false),
    (2, 'ケーブルトレー', -1580, '2022-04-01', 5, 11, false),
    (2, 'ワイプオール', -1330, '2022-04-01', 5, 11, false),
    (2, 'サーキュレーター', -646, '2022-03-30', 5, 13, false),
    (2, 'AppleOne', -130, '2022-03-30', 7, 15, TRUE),
    (2, '水道代', -1927, '2022-03-28', 20, 73, TRUE),
    (2, 'カーシェア', -9900, '2022-03-27', 10, 24, false),
    (2, 'NIKEウェア', -1570, '2022-03-27', 5, 11, false),
    (2, '家賃', -78000, '2022-03-27', 22, 82, TRUE),
    (2, '奨学金', -14222, '2022-03-27', 25, 94, TRUE),
    (2, 'スーパーアルプス', -1999, '2022-03-17', 1, 1, TRUE),
    (2, 'サプリメント', -544, '2022-03-24', 5, 9, false),
    (2, 'Youtube', -1180, '2022-03-24', 7, 15, TRUE),
    (2, '給与', 185305, '2022-03-25', 27, 102, TRUE),
    (2, '配当', 305, '2022-03-25', 28, 106, false),
    (2, 'タバコ', -550, '2022-03-23', 3, 7, false),
    (2, 'スーパーアルプス', -431, '2022-03-23', 1, 1, TRUE),
    (2, 'ヘアカット', -3300, '2022-03-22', 14, 37, false),
    (2, 'Webを支える技術', -2827, '2022-03-21', 5, 9, false),
    (2, 'スーパーアルプス', -3182, '2022-03-21', 1, 1, TRUE),
    (2, 'アイスノン', -625, '2022-03-20', 5, 9, false),
    (2, 'ヨーグリーナ', -117, '2022-03-19', 3, 7, false),
    (2, '死刑にいたる病', -1000, '2022-03-19', 8, 21, false),
    (2, 'スーパーアルプス', -1561, '2022-03-18', 1, 1, TRUE),
    (2, '100均', -330, '2022-03-18', 5, 9, false),
    (2, 'スーパーアルプス', -1705, '2022-03-17', 1, 1, TRUE),
    (2, 'ガス代', -4376, '2022-03-15', 20, 74, TRUE),
    (2, 'ウェルシア', -600, '2022-03-14', 5, 9, false),
    (2, 'タバコ', -600, '2022-03-14', 3, 7, false),
    (2, '電気代', -3225, '2022-03-13', 20, 72, TRUE),
    (2, '電話料金', -1781, '2022-03-13', 21, 77, TRUE),
    (2, 'スーパーアルプス', -2757, '2022-03-12', 1, 1, TRUE),
    (2, 'はなまるうどん', -610, '2022-03-11', 2, 5, false),
    (2, '台湾まぜそば', -850, '2022-03-11', 2, 2, false),
    (2, 'DisneyPlys', -990, '2022-03-08', 7, 15, TRUE),
    (2, 'ふるさと納税', -10000, '2022-03-05', 5, 9, false),
    (2, 'タバコ', -540, '2022-03-03', 3, 7, false),
    (2, 'スーパーアルプス', -4153, '2022-03-03', 1, 1, TRUE),
    (2, '洗車グッズ', -1900, '2022-03-03', 5, 11, false),
    (2, 'ほうじ茶ラテ', -160, '2022-03-03', 3, 7, false),
    (2, 'ふるさと納税', -5000, '2022-03-02', 5, 9, false),
    (2, '洗車スポンジ', -190, '2022-03-02', 5, 11, false),
    (2, '牛乳', -192, '2022-03-02', 1, 1, false),
    (2, 'きさらぎ駅', -1000, '2022-03-02', 8, 21, false),
    (2, 'ケーブルトレー', -1580, '2022-03-01', 5, 11, false),
    (2, 'ワイプオール', -1330, '2022-03-01', 5, 11, false),
    (2, 'サーキュレーター', -646, '2022-02-28', 5, 13, false),
    (2, 'AppleOne', -130, '2022-02-28', 7, 15, TRUE),
    (2, '水道代', -1927, '2022-02-28', 20, 73, TRUE),
    (2, 'カーシェア', -9900, '2022-02-27', 10, 24, false),
    (2, 'NIKEウェア', -1570, '2022-02-27', 5, 11, false),
    (2, '家賃', -78000, '2022-02-27', 22, 82, TRUE),
    (2, '奨学金', -14222, '2022-02-27', 25, 94, TRUE),
    (2, 'スーパーアルプス', -1999, '2022-02-17', 1, 1, TRUE),
    (2, 'サプリメント', -544, '2022-02-24', 5, 9, false),
    (2, 'Youtube', -1180, '2022-02-24', 7, 15, TRUE),
    (2, '給与', 185305, '2022-02-25', 27, 102, TRUE),
    (2, '配当', 305, '2022-02-25', 28, 106, false),
    (2, 'タバコ', -550, '2022-02-23', 3, 7, false),
    (2, 'スーパーアルプス', -431, '2022-02-23', 1, 1, TRUE),
    (2, 'ヘアカット', -3300, '2022-02-22', 14, 37, false),
    (2, 'Webを支える技術', -2827, '2022-02-21', 5, 9, false),
    (2, 'スーパーアルプス', -3182, '2022-02-21', 1, 1, TRUE),
    (2, 'アイスノン', -625, '2022-02-20', 5, 9, false),
    (2, 'ヨーグリーナ', -117, '2022-02-19', 3, 7, false),
    (2, '死刑にいたる病', -1000, '2022-02-19', 8, 21, false),
    (2, 'スーパーアルプス', -1561, '2022-02-18', 1, 1, TRUE),
    (2, '100均', -330, '2022-02-18', 5, 9, false),
    (2, 'スーパーアルプス', -1705, '2022-02-17', 1, 1, TRUE),
    (2, 'ガス代', -4376, '2022-02-15', 20, 74, TRUE),
    (2, 'ウェルシア', -600, '2022-02-14', 5, 9, false),
    (2, 'タバコ', -600, '2022-02-14', 3, 7, false),
    (2, '電気代', -3225, '2022-02-13', 20, 72, TRUE),
    (2, '電話料金', -1781, '2022-02-13', 21, 77, TRUE),
    (2, 'スーパーアルプス', -2757, '2022-02-12', 1, 1, TRUE),
    (2, 'はなまるうどん', -610, '2022-02-11', 2, 5, false),
    (2, '台湾まぜそば', -850, '2022-02-11', 2, 2, false),
    (2, 'DisneyPlys', -990, '2022-02-08', 7, 15, TRUE),
    (2, 'ふるさと納税', -10000, '2022-02-05', 5, 9, false),
    (2, 'タバコ', -540, '2022-02-02', 3, 7, false),
    (2, 'スーパーアルプス', -4153, '2022-02-02', 1, 1, TRUE),
    (2, '洗車グッズ', -1900, '2022-02-02', 5, 11, false),
    (2, 'ほうじ茶ラテ', -160, '2022-02-02', 3, 7, false),
    (2, 'ふるさと納税', -5000, '2022-02-02', 5, 9, false),
    (2, '洗車スポンジ', -190, '2022-02-02', 5, 11, false),
    (2, '牛乳', -192, '2022-02-02', 1, 1, false),
    (2, 'きさらぎ駅', -1000, '2022-02-02', 8, 21, false),
    (2, 'ケーブルトレー', -1580, '2022-02-01', 5, 11, false),
    (2, 'ワイプオール', -1330, '2022-02-01', 5, 11, false);

-- 貯金目標
INSERT INTO
    saving_target(
        user_no,
        saving_target_name,
        target_amount,
        delete_flg
    )
VALUES
    (2, 'M2 MacBook Air', 160000, false),
    (2, '沖縄旅行', 1000000, false);

-- 貯金
INSERT INTO
    saving(
        user_no,
        saving_name,
        saving_amount,
        saving_date,
        saving_target_id
    )
VALUES
    (2, 'タバコ', 450, '2022-07-01', 1),
    (2, 'ジャージ', 4500, '2022-07-02', 1),
    (2, 'モニター', 23000, '2022-07-05', 1),
    (2, 'フライパン', 1800, '2022-07-06', 1),
    (2, '観葉植物', 1500, '2022-07-08', 1),
    (2, 'タバコ', 10000, '2022-07-13', 1),
    (2, '交通費', 350, '2022-07-15', 1),
    (2, 'キーボード', 8000, '2022-07-15', 2),
    (2, 'PlayStation5', 50000, '2022-07-16', 2),
    (2, 'ディフューザー', 1300, '2022-07-19', 2),
    (2, 'スピーカー', 8000, '2022-07-20', 2),
    (2, 'サングラス', 9000, '2022-07-22', 2),
    (2, '交通費', 300, '2022-07-24', 2),
    (2, '映画', 1800, '2022-07-25', 2),
    (2, 'お酒', 200, '2022-07-28', 1),
    (2, 'タバコ', 450, '2022-06-01', 1),
    (2, 'ジャージ', 4500, '2022-06-02', 1),
    (2, 'モニター', 23000, '2022-06-05', 1),
    (2, 'フライパン', 1800, '2022-06-06', 1),
    (2, '観葉植物', 1500, '2022-06-08', 1),
    (2, 'タバコ', 10000, '2022-06-13', 1),
    (2, '交通費', 350, '2022-06-15', 1),
    (2, 'キーボード', 8000, '2022-06-15', 2),
    (2, 'PlayStation5', 50000, '2022-06-16', 2),
    (2, 'ディフューザー', 1300, '2022-06-19', 2),
    (2, 'スピーカー', 8000, '2022-06-20', 2),
    (2, 'サングラス', 9000, '2022-06-22', 2),
    (2, '交通費', 300, '2022-06-24', 2),
    (2, '映画', 1800, '2022-06-25', 2),
    (2, 'お酒', 200, '2022-06-28', 1),
    (2, 'タバコ', 450, '2022-05-01', 1),
    (2, 'ジャージ', 4500, '2022-05-02', 1),
    (2, 'モニター', 23000, '2022-05-05', 1),
    (2, 'フライパン', 1800, '2022-05-06', 1),
    (2, '観葉植物', 1500, '2022-05-08', 1),
    (2, 'タバコ', 10000, '2022-05-13', 1),
    (2, '交通費', 350, '2022-05-15', 1),
    (2, 'キーボード', 8000, '2022-05-15', 2),
    (2, 'PlayStation5', 50000, '2022-05-16', 2),
    (2, 'ディフューザー', 1300, '2022-05-19', 2),
    (2, 'スピーカー', 8000, '2022-05-20', 2),
    (2, 'サングラス', 9000, '2022-05-22', 2),
    (2, '交通費', 300, '2022-05-24', 2),
    (2, '映画', 1800, '2022-05-25', 2),
    (2, 'お酒', 200, '2022-05-28', 1),
    (2, 'タバコ', 450, '2022-04-01', 1),
    (2, 'ジャージ', 4500, '2022-04-02', 1),
    (2, 'モニター', 23000, '2022-04-05', 1),
    (2, 'フライパン', 1800, '2022-04-06', 1),
    (2, '観葉植物', 1500, '2022-04-08', 1),
    (2, 'タバコ', 10000, '2022-04-13', 1),
    (2, '交通費', 350, '2022-04-15', 1),
    (2, 'キーボード', 8000, '2022-04-15', 2),
    (2, 'PlayStation5', 50000, '2022-04-16', 2),
    (2, 'ディフューザー', 1300, '2022-04-19', 2),
    (2, 'スピーカー', 8000, '2022-04-20', 2),
    (2, 'サングラス', 9000, '2022-04-22', 2),
    (2, '交通費', 300, '2022-04-24', 2),
    (2, '映画', 1800, '2022-04-25', 2),
    (2, 'お酒', 200, '2022-04-28', 1),
    (2, 'タバコ', 450, '2022-03-01', 1),
    (2, 'ジャージ', 4500, '2022-03-02', 1),
    (2, 'モニター', 23000, '2022-03-05', 1),
    (2, 'フライパン', 1800, '2022-03-06', 1),
    (2, '観葉植物', 1500, '2022-03-08', 1),
    (2, 'タバコ', 10000, '2022-03-13', 1),
    (2, '交通費', 350, '2022-03-15', 1),
    (2, 'キーボード', 8000, '2022-03-15', 2),
    (2, 'PlayStation5', 50000, '2022-03-16', 2),
    (2, 'ディフューザー', 1300, '2022-03-19', 2),
    (2, 'スピーカー', 8000, '2022-03-20', 2),
    (2, 'サングラス', 9000, '2022-03-22', 2),
    (2, '交通費', 300, '2022-03-24', 2),
    (2, '映画', 1800, '2022-03-25', 2),
    (2, 'お酒', 200, '2022-03-28', 1),
    (2, 'タバコ', 450, '2022-02-01', 1),
    (2, 'ジャージ', 4500, '2022-02-02', 1),
    (2, 'モニター', 23000, '2022-02-05', 1),
    (2, 'フライパン', 1800, '2022-02-06', 1),
    (2, '観葉植物', 1500, '2022-02-08', 1),
    (2, 'タバコ', 10000, '2022-02-13', 1),
    (2, '交通費', 350, '2022-02-15', 1),
    (2, 'キーボード', 8000, '2022-02-15', 2),
    (2, 'PlayStation5', 50000, '2022-02-16', 2),
    (2, 'ディフューザー', 1300, '2022-02-19', 2),
    (2, 'スピーカー', 8000, '2022-02-20', 2),
    (2, 'サングラス', 9000, '2022-02-22', 2),
    (2, '交通費', 300, '2022-02-24', 2),
    (2, '映画', 1800, '2022-02-25', 2),
    (2, 'お酒', 200, '2022-02-28', 1),
    (2, 'タバコ', 450, '2022-01-01', 1),
    (2, 'ジャージ', 4500, '2022-01-02', 1),
    (2, 'モニター', 23000, '2022-01-05', 1),
    (2, 'フライパン', 1800, '2022-01-06', 1),
    (2, '観葉植物', 1500, '2022-01-08', 1),
    (2, 'タバコ', 10000, '2022-01-13', 1),
    (2, '交通費', 350, '2022-01-15', 1),
    (2, 'キーボード', 8000, '2022-01-15', 2),
    (2, 'PlayStation5', 50000, '2022-01-16', 2),
    (2, 'ディフューザー', 1300, '2022-01-19', 2),
    (2, 'スピーカー', 8000, '2022-01-20', 2),
    (2, 'サングラス', 9000, '2022-01-22', 2),
    (2, '交通費', 300, '2022-01-24', 2),
    (2, '映画', 1800, '2022-01-25', 2),
    (2, 'お酒', 200, '2022-01-28', 1);

-- 月次取引
INSERT INTO
    monthly_transaction(
        user_no,
        monthly_transaction_name,
        monthly_transaction_amount,
        monthly_transaction_date,
        category_id,
        sub_category_id,
        include_flg
    )
VALUES
    (2, '家賃', -78550, '31', 22, 82, TRUE),
    (2, '見放題chライト', -550, '27', 7, 15, TRUE),
    (2, 'Youtube Premium', -1150, '25', 7, 15, TRUE),
    (2, 'DisneyPlus', -980, '25', 7, 15, TRUE),
    (2, '給与', 200000, '25', 27, 102, TRUE),
    (2, 'Amazon', -550, '25', 7, 15, false);